{
	"variables": [],
	"info": {
		"name": "checking-account-service3",
		"_postman_id": "048471cd-c1b4-8d89-157e-adc66c30ef71",
		"description": "",
		"schema": "https://schema.getpostman.com/json/collection/v2.0.0/collection.json"
	},
	"item": [
		{
			"name": "http://localhost:9080/checking - FAIL",
			"request": {
				"url": "http://localhost:9090/checking",
				"method": "POST",
				"header": [
					{
						"key": "Accept",
						"value": "application/json",
						"description": ""
					},
					{
						"key": "Content-Type",
						"value": "application/json",
						"description": ""
					}
				],
				"body": {
					"mode": "raw",
					"raw": "{\n  \"ownerId\": 123098937092359,\n  \"currency\": \"USD\"\n}"
				},
				"description": ""
			},
			"response": []
		},
		{
			"name": "http://localhost:9080/checking - SUCCESS",
			"request": {
				"url": "http://localhost:9090/checking",
				"method": "POST",
				"header": [
					{
						"key": "Accept",
						"value": "application/json",
						"description": ""
					},
					{
						"key": "Content-Type",
						"value": "application/json",
						"description": ""
					}
				],
				"body": {
					"mode": "raw",
					"raw": "{\n  \"ownerId\": 128,\n  \"currency\": \"USD\"\n}"
				},
				"description": ""
			},
			"response": []
		},
		{
			"name": "http://localhost:9090/checking/1",
			"request": {
				"url": "http://localhost:9090/checking/1",
				"method": "GET",
				"header": [],
				"body": {},
				"description": ""
			},
			"response": []
		},
		{
			"name": "http://localhost:9090/checking?userId=128",
			"request": {
				"url": {
					"raw": "http://localhost:9090/checking?userId=128",
					"protocol": "http",
					"host": [
						"localhost"
					],
					"port": "9090",
					"path": [
						"checking"
					],
					"query": [
						{
							"key": "userId",
							"value": "128",
							"equals": true,
							"description": ""
						}
					],
					"variable": []
				},
				"method": "GET",
				"header": [],
				"body": {},
				"description": ""
			},
			"response": []
		}
	]
}